{"ID":"foerde","password":"","temperature":15.555555555555555,"dew_point":4.8888888888888875,"humidity":90,"wind_speed":3.3021087999999996,"wind_gust":3.6496992,"wind_direction":234,"pressure":29.92,"rain":0,"daily_rain":0,"solarradiation":0,"uv":0}